"YEAR.x","MONTH.x","AF","km3_LA","DATE","YEAR.y","MONTH.y","Coachella.AF.","MWD.AF.","Total","km3_CA","native_total"
1990,1,16740,0.020648455,1990-01-01,NA,NA,NA,NA,NA,NA,NA
1990,2,13702,0.016901143,1990-02-01,NA,NA,NA,NA,NA,NA,NA
1990,3,13889,0.017131804,1990-03-01,NA,NA,NA,NA,NA,NA,NA
1990,4,15135,0.01866872,1990-04-01,NA,NA,NA,NA,NA,NA,NA
1990,5,6120,0.007548898,1990-05-01,NA,NA,NA,NA,NA,NA,NA
1990,6,11105,0.013697795,1990-06-01,NA,NA,NA,NA,NA,NA,NA
1990,7,7575,0.009343611,1990-07-01,NA,NA,NA,NA,NA,NA,NA
1990,8,3734,0.004605814,1990-08-01,NA,NA,NA,NA,NA,NA,NA
1990,9,0,0,1990-09-01,NA,NA,NA,NA,NA,NA,NA
1990,10,8548,0.010543787,1990-10-01,NA,NA,NA,NA,NA,NA,NA
1990,11,4874,0.006011982,1990-11-01,NA,NA,NA,NA,NA,NA,NA
1990,12,4766,0.005878766,1990-12-01,NA,NA,NA,NA,NA,NA,NA
1991,1,11831,0.014593302,1991-01-01,NA,NA,NA,NA,NA,NA,NA
1991,2,10766,0.013279646,1991-02-01,NA,NA,NA,NA,NA,NA,NA
1991,3,15482,0.019096737,1991-03-01,NA,NA,NA,NA,NA,NA,NA
1991,4,21203,0.026153476,1991-04-01,NA,NA,NA,NA,NA,NA,NA
1991,5,19668,0.024260085,1991-05-01,NA,NA,NA,NA,NA,NA,NA
1991,6,21878,0.026986075,1991-06-01,NA,NA,NA,NA,NA,NA,NA
1991,7,23943,0.029533212,1991-07-01,NA,NA,NA,NA,NA,NA,NA
1991,8,11664,0.014387311,1991-08-01,NA,NA,NA,NA,NA,NA,NA
1991,9,9821,0.012114007,1991-09-01,NA,NA,NA,NA,NA,NA,NA
1991,10,12614,0.015559117,1991-10-01,NA,NA,NA,NA,NA,NA,NA
1991,11,13317,0.016426253,1991-11-01,NA,NA,NA,NA,NA,NA,NA
1991,12,14258,0.017586958,1991-12-01,NA,NA,NA,NA,NA,NA,NA
1992,1,19934,0.02458819,1992-01-01,NA,NA,NA,NA,NA,NA,NA
1992,2,7176,0.008851452,1992-02-01,NA,NA,NA,NA,NA,NA,NA
1992,3,16759,0.020671891,1992-03-01,NA,NA,NA,NA,NA,NA,NA
1992,4,11381,0.014038236,1992-04-01,NA,NA,NA,NA,NA,NA,NA
1992,5,19791,0.024411803,1992-05-01,NA,NA,NA,NA,NA,NA,NA
1992,6,16214,0.019999645,1992-06-01,NA,NA,NA,NA,NA,NA,NA
1992,7,21232,0.026189247,1992-07-01,NA,NA,NA,NA,NA,NA,NA
1992,8,20189,0.024902728,1992-08-01,NA,NA,NA,NA,NA,NA,NA
1992,9,15069,0.01858731,1992-09-01,NA,NA,NA,NA,NA,NA,NA
1992,10,8638,0.0106548,1992-10-01,NA,NA,NA,NA,NA,NA,NA
1992,11,8432,0.010400703,1992-11-01,NA,NA,NA,NA,NA,NA,NA
1992,12,12071,0.014889337,1992-12-01,NA,NA,NA,NA,NA,NA,NA
1993,1,10450,0.012889866,1993-01-01,NA,NA,NA,NA,NA,NA,NA
1993,2,6795,0.008381497,1993-02-01,NA,NA,NA,NA,NA,NA,NA
1993,3,34338,0.042355236,1993-03-01,NA,NA,NA,NA,NA,NA,NA
1993,4,27692,0.034157528,1993-04-01,NA,NA,NA,NA,NA,NA,NA
1993,5,31750,0.03916299,1993-05-01,NA,NA,NA,NA,NA,NA,NA
1993,6,36426,0.044930742,1993-06-01,NA,NA,NA,NA,NA,NA,NA
1993,7,33464,0.041277175,1993-07-01,NA,NA,NA,NA,NA,NA,NA
1993,8,35754,0.044101844,1993-08-01,NA,NA,NA,NA,NA,NA,NA
1993,9,21782,0.026867661,1993-09-01,NA,NA,NA,NA,NA,NA,NA
1993,10,18244,0.022503609,1993-10-01,NA,NA,NA,NA,NA,NA,NA
1993,11,12148,0.014984315,1993-11-01,NA,NA,NA,NA,NA,NA,NA
1993,12,20436,0.025207397,1993-12-01,NA,NA,NA,NA,NA,NA,NA
1994,1,11144,0.013745901,1994-01-01,NA,NA,NA,NA,NA,NA,NA
1994,2,10893,0.013436298,1994-02-01,NA,NA,NA,NA,NA,NA,NA
1994,3,15411,0.01900916,1994-03-01,NA,NA,NA,NA,NA,NA,NA
1994,4,3695,0.004557709,1994-04-01,NA,NA,NA,NA,NA,NA,NA
1994,5,16632,0.020515239,1994-05-01,NA,NA,NA,NA,NA,NA,NA
1994,6,13730,0.01693568,1994-06-01,NA,NA,NA,NA,NA,NA,NA
1994,7,18305,0.022578851,1994-07-01,NA,NA,NA,NA,NA,NA,NA
1994,8,18206,0.022456737,1994-08-01,NA,NA,NA,NA,NA,NA,NA
1994,9,5933,0.007318237,1994-09-01,NA,NA,NA,NA,NA,NA,NA
1994,10,6279,0.007745021,1994-10-01,NA,NA,NA,NA,NA,NA,NA
1994,11,5865,0.00723436,1994-11-01,NA,NA,NA,NA,NA,NA,NA
1994,12,6448,0.007953479,1994-12-01,NA,NA,NA,NA,NA,NA,NA
1995,1,24886,0.030696383,1995-01-01,NA,NA,NA,NA,NA,NA,NA
1995,2,25972,0.032035943,1995-02-01,NA,NA,NA,NA,NA,NA,NA
1995,3,33332,0.041114355,1995-03-01,NA,NA,NA,NA,NA,NA,NA
1995,4,40834,0.050367922,1995-04-01,NA,NA,NA,NA,NA,NA,NA
1995,5,44505,0.054896027,1995-05-01,NA,NA,NA,NA,NA,NA,NA
1995,6,43467,0.053615675,1995-06-01,NA,NA,NA,NA,NA,NA,NA
1995,7,46841,0.057777437,1995-07-01,NA,NA,NA,NA,NA,NA,NA
1995,8,46472,0.057322283,1995-08-01,NA,NA,NA,NA,NA,NA,NA
1995,9,44923,0.055411622,1995-09-01,NA,NA,NA,NA,NA,NA,NA
1995,10,45141,0.055680521,1995-10-01,NA,NA,NA,NA,NA,NA,NA
1995,11,34785,0.042906602,1995-11-01,NA,NA,NA,NA,NA,NA,NA
1995,12,31465,0.038811448,1995-12-01,NA,NA,NA,NA,NA,NA,NA
1996,1,23999,0.029602287,1996-01-01,NA,NA,NA,NA,NA,NA,NA
1996,2,30637,0.037790127,1996-02-01,NA,NA,NA,NA,NA,NA,NA
1996,3,39457,0.04866942,1996-03-01,NA,NA,NA,NA,NA,NA,NA
1996,4,41731,0.051474354,1996-04-01,NA,NA,NA,NA,NA,NA,NA
1996,5,38687,0.047719641,1996-05-01,NA,NA,NA,NA,NA,NA,NA
1996,6,42446,0.052356292,1996-06-01,NA,NA,NA,NA,NA,NA,NA
1996,7,44807,0.055268538,1996-07-01,NA,NA,NA,NA,NA,NA,NA
1996,8,42981,0.053016204,1996-08-01,NA,NA,NA,NA,NA,NA,NA
1996,9,36774,0.045359994,1996-09-01,NA,NA,NA,NA,NA,NA,NA
1996,10,44026,0.05430519,1996-10-01,NA,NA,NA,NA,NA,NA,NA
1996,11,14222,0.017542553,1996-11-01,NA,NA,NA,NA,NA,NA,NA
1996,12,24349,0.030034005,1996-12-01,NA,NA,NA,NA,NA,NA,NA
1997,1,36546,0.04507876,1997-01-01,NA,NA,NA,NA,NA,NA,NA
1997,2,34606,0.042685809,1997-02-01,NA,NA,NA,NA,NA,NA,NA
1997,3,41842,0.05161127,1997-03-01,NA,NA,NA,NA,NA,NA,NA
1997,4,41478,0.051162283,1997-04-01,NA,NA,NA,NA,NA,NA,NA
1997,5,40799,0.050324751,1997-05-01,NA,NA,NA,NA,NA,NA,NA
1997,6,42970,0.053002636,1997-06-01,NA,NA,NA,NA,NA,NA,NA
1997,7,46190,0.056974441,1997-07-01,NA,NA,NA,NA,NA,NA,NA
1997,8,46061,0.056815322,1997-08-01,NA,NA,NA,NA,NA,NA,NA
1997,9,39080,0.048204398,1997-09-01,NA,NA,NA,NA,NA,NA,NA
1997,10,26470,0.032650216,1997-10-01,NA,NA,NA,NA,NA,NA,NA
1997,11,15743,0.019418676,1997-11-01,NA,NA,NA,NA,NA,NA,NA
1997,12,24519,0.030243696,1997-12-01,NA,NA,NA,NA,NA,NA,NA
1988,1,20312,0.025054446,1988-01-01,NA,NA,NA,NA,NA,NA,NA
1988,2,17737,0.021878235,1988-02-01,NA,NA,NA,NA,NA,NA,NA
1988,3,36332,0.044814795,1988-03-01,NA,NA,NA,NA,NA,NA,NA
1988,4,40278,0.049682107,1988-04-01,NA,NA,NA,NA,NA,NA,NA
1988,5,39838,0.049139376,1988-05-01,NA,NA,NA,NA,NA,NA,NA
1988,6,43959,0.054222547,1988-06-01,NA,NA,NA,NA,NA,NA,NA
1988,7,46573,0.057446864,1988-07-01,NA,NA,NA,NA,NA,NA,NA
1988,8,46680,0.057578846,1988-08-01,NA,NA,NA,NA,NA,NA,NA
1988,9,43487,0.053640345,1988-09-01,NA,NA,NA,NA,NA,NA,NA
1988,10,44926,0.055415322,1988-10-01,NA,NA,NA,NA,NA,NA,NA
1988,11,45295,0.055870477,1988-11-01,NA,NA,NA,NA,NA,NA,NA
1988,12,43003,0.05304334,1988-12-01,NA,NA,NA,NA,NA,NA,NA
1999,1,25659,0.031649863,1999-01-01,NA,NA,NA,NA,NA,NA,NA
1999,2,17089,0.02107894,1999-02-01,NA,NA,NA,NA,NA,NA,NA
1999,3,20570,0.025372684,1999-03-01,NA,NA,NA,NA,NA,NA,NA
1999,4,20594,0.025402287,1999-04-01,NA,NA,NA,NA,NA,NA,NA
1999,5,32015,0.039489862,1999-05-01,NA,NA,NA,NA,NA,NA,NA
1999,6,37364,0.046087747,1999-06-01,NA,NA,NA,NA,NA,NA,NA
1999,7,41473,0.051156116,1999-07-01,NA,NA,NA,NA,NA,NA,NA
1999,8,37669,0.046463958,1999-08-01,NA,NA,NA,NA,NA,NA,NA
1999,9,29535,0.036430832,1999-09-01,NA,NA,NA,NA,NA,NA,NA
1999,10,21054,0.025969688,1999-10-01,NA,NA,NA,NA,NA,NA,NA
1999,11,13687,0.016882641,1999-11-01,NA,NA,NA,NA,NA,NA,NA
1999,12,11524,0.014214624,1999-12-01,NA,NA,NA,NA,NA,NA,NA
2000,1,14683,0.018111187,2000-01-01,2000,1,963,105056,106019,0.130772316,0.148883503
2000,2,12870,0.015874888,2000-02-01,2000,2,5544,80130,85674,0.105677166,0.121552054
2000,3,22523,0.02778167,2000-03-01,2000,3,12276,87467,99743,0.123030996,0.150812666
2000,4,14669,0.018093918,2000-04-01,2000,4,2202,135953,138155,0.170411429,0.188505347
2000,5,34721,0.042827659,2000-05-01,2000,5,2503,104298,106801,0.131736897,0.174564556
2000,6,38667,0.047694971,2000-06-01,2000,6,2502,128892,131394,0.162071871,0.209766842
2000,7,42117,0.051950477,2000-07-01,2000,7,2753,136699,139452,0.172011253,0.22396173
2000,8,29804,0.036762638,2000-08-01,2000,8,2502,153406,155908,0.1923094,0.229072038
2000,9,16806,0.020729865,2000-09-01,2000,9,3713,134619,138332,0.170629755,0.19135962
2000,10,7830,0.009658148,2000-10-01,2000,10,5417,150627,156044,0.192477153,0.202135301
2000,11,13567,0.016734623,2000-11-01,2000,11,994,152228,153222,0.188996273,0.205730896
2000,12,6879,0.008485109,2000-12-01,2000,12,954,153037,153991,0.189944819,0.198429928
2001,1,6222,0.007674713,2001-01-01,2001,1,0,94266,94266,0.116275226,0.123949939
2001,2,20079,0.024767045,2001-02-01,2001,2,0,60337,60337,0.074424483,0.099191528
2001,3,22232,0.027422727,2001-03-01,2001,3,0,67344,67344,0.083067477,0.110490204
2001,4,5828,0.007188721,2001-04-01,2001,4,1246,70387,71633,0.088357873,0.095546594
2001,5,28929,0.035683343,2001-05-01,2001,5,1155,91335,92490,0.114084565,0.149767908
2001,6,38454,0.04743224,2001-06-01,2001,6,1925,93399,95324,0.117580248,0.165012488
2001,7,41085,0.050677526,2001-07-01,2001,7,1925,95955,97880,0.120733022,0.171410548
2001,8,35590,0.043899553,2001-08-01,2001,8,2849,86346,89195,0.110020249,0.153919802
2001,9,30859,0.038063959,2001-09-01,2001,9,0,83802,83802,0.103368091,0.14143205
2001,10,15694,0.019358235,2001-10-01,2001,10,0,122562,122562,0.151177776,0.170536011
2001,11,3859,0.004759999,2001-11-01,2001,11,0,102823,102823,0.126830114,0.131590113
2001,12,17649,0.021769689,2001-12-01,2001,12,0,54613,54613,0.067364043,0.089133732
2002,1,8836,0.010899029,2002-01-01,2002,1,0,98333,98333,0.121291789,0.132190818
2002,2,14177,0.017487046,2002-02-01,2002,2,0,94519,94519,0.116587296,0.134074342
2002,3,6536,0.008062025,2002-03-01,2002,3,1403,105598,107001,0.131983593,0.140045618
2002,4,6261,0.007722818,2002-04-01,2002,4,1482,127628,129110,0.159254603,0.166977421
2002,5,21529,0.026555591,2002-05-01,2002,5,1532,122728,124260,0.153272225,0.179827816
2002,6,26149,0.032254269,2002-06-01,2002,6,1532,122107,123639,0.152506234,0.184760503
2002,7,25873,0.031913828,2002-07-01,2002,7,2006,140823,142829,0.176176715,0.208090543
2002,8,24729,0.030502727,2002-08-01,2002,8,1763,127335,129098,0.159239801,0.189742528
2002,9,24096,0.029721934,2002-09-01,2002,9,1763,123811,125574,0.154893018,0.184614952
2002,10,7494,0.009243699,2002-10-01,2002,10,1763,146100,147863,0.182386053,0.191629752
2002,11,5115,0.00630925,2002-11-01,2002,11,1763,121187,122950,0.151656366,0.157965616
2002,12,8442,0.010413038,2002-12-01,2002,12,1748,78750,80498,0.099292673,0.109705711
2003,1,12786,0.015771275,2003-01-01,2003,1,0,45885,45885,0.05659823,0.072369505
2003,2,14134,0.017434006,2003-02-01,2003,2,0,51115,51115,0.06304933,0.080483336
2003,3,15768,0.019449513,2003-03-01,2003,3,152,170485,170637,0.210477327,0.22992684
2003,4,11827,0.014588368,2003-04-01,2003,4,2534,162902,165436,0.204061997,0.218650365
2003,5,19964,0.024625195,2003-05-01,2003,5,2310,140726,143036,0.176432045,0.20105724
2003,6,33144,0.040882461,2003-06-01,2003,6,2332,154458,156790,0.193397329,0.23427979
2003,7,26870,0.033143608,2003-07-01,2003,7,2310,180685,182995,0.225720673,0.258864281
2003,8,33973,0.041905016,2003-08-01,2003,8,3557,214448,218005,0.268904807,0.310809823
2003,9,29243,0.036070656,2003-09-01,2003,9,1248,147286,148534,0.183213718,0.219284374
2003,10,16063,0.019813389,2003-10-01,2003,10,0,152379,152379,0.187956449,0.207769838
2003,11,14500,0.01788546,2003-11-01,2003,11,0,121079,121079,0.149348525,0.167233985
2003,12,23068,0.028453917,2003-12-01,2003,12,0,130571,130571,0.161056717,0.189510634
2004,1,5656,0.006976563,2004-01-01,2004,1,6745,115746,122491,0.151090199,0.158066762
2004,2,13702,0.016901143,2004-02-01,2004,2,0,97652,97652,0.120451789,0.137352932
2004,3,15383,0.018974623,2004-03-01,2004,3,0,93203,93203,0.114964036,0.133938659
2004,4,14833,0.018296209,2004-04-01,2004,4,0,150816,150816,0.18602852,0.204324729
2004,5,16399,0.020227839,2004-05-01,2004,5,0,205369,205369,0.253318554,0.273546393
2004,6,15038,0.018549072,2004-06-01,2004,6,89,161458,161547,0.199264994,0.217814066
2004,7,28689,0.035387308,2004-07-01,2004,7,0,164550,164550,0.202969134,0.238356442
2004,8,31103,0.038364928,2004-08-01,2004,8,0,161109,161109,0.198724729,0.237089657
2004,9,18290,0.022560349,2004-09-01,2004,9,0,166000,166000,0.20475768,0.227318029
2004,10,15570,0.019205284,2004-10-01,2004,10,1106,143793,144899,0.178730019,0.197935303
2004,11,13613,0.016791363,2004-11-01,2004,11,1737,130604,132341,0.163239977,0.18003134
2004,12,14914,0.018396121,2004-12-01,2004,12,5788,134080,139868,0.172524381,0.190920502
2005,1,4068,0.005017797,2005-01-01,2005,1,12819,91947,104766,0.129226766,0.134244563
2005,2,16945,0.020901319,2005-02-01,2005,2,0,99413,99413,0.122623947,0.143525266
2005,3,34964,0.043127395,2005-03-01,2005,3,3300,82972,86272,0.106414787,0.149542182
2005,4,35360,0.043615853,2005-04-01,2005,4,3300,101572,104872,0.129357515,0.172973368
2005,5,43680,0.053878406,2005-05-01,2005,5,3300,130292,133592,0.16478306,0.218661466
2005,6,40632,0.050118759,2005-06-01,2005,6,3300,121500,124800,0.153938304,0.204057063
2005,7,45714,0.056387305,2005-07-01,2005,7,6016,158617,164633,0.203071513,0.259458818
2005,8,46893,0.057841578,2005-08-01,2005,8,3300,146190,149490,0.184392925,0.242234503
2005,9,30888,0.03809973,2005-09-01,2005,9,3300,144053,147353,0.181756978,0.219856708
2005,10,32552,0.040152241,2005-10-01,2005,10,3300,133564,136864,0.168819007,0.208971248
2005,11,29735,0.036677528,2005-11-01,2005,11,584,125297,125881,0.155271696,0.191949224
2005,12,14963,0.018456561,2005-12-01,2005,12,0,142628,142628,0.175928785,0.194385346
2006,1,9918,0.012233655,2006-01-01,2006,1,0,136424,136424,0.168276276,0.180509931
2006,2,13201,0.016283169,2006-02-01,2006,2,0,141788,141788,0.174892662,0.191175831
2006,3,28178,0.034756999,2006-03-01,2006,3,0,96690,96690,0.119265181,0.15402218
2006,4,34817,0.042946073,2006-04-01,2006,4,0,106693,106693,0.131603682,0.174549755
2006,5,39869,0.049177614,2006-05-01,2006,5,0,129965,129965,0.160309228,0.209486842
2006,6,42150,0.051991182,2006-06-01,2006,6,0,146156,146156,0.180280503,0.232271685
2006,7,45288,0.055861842,2006-07-01,2006,7,0,167723,167723,0.206882966,0.262744808
2006,8,44968,0.055467129,2006-08-01,2006,8,28713,104197,132910,0.163941827,0.219408956
2006,9,32840,0.040507483,2006-09-01,2006,9,52424,106666,159090,0.196234333,0.236741816
2006,10,29102,0.035896735,2006-10-01,2006,10,13321,130071,143392,0.176871164,0.212767899
2006,11,31791,0.039213563,2006-11-01,2006,11,13321,129231,142552,0.175835041,0.215048604
2006,12,28113,0.034676823,2006-12-01,2006,12,13321,116582,129903,0.160232752,0.194909575
2007,1,31044,0.038292153,2007-01-01,2007,1,0,114479,114479,0.141207557,0.17949971
2007,2,2772,0.003419207,2007-02-01,2007,2,922,48926,49848,0.061486511,0.064905718
2007,3,11544,0.014239293,2007-03-01,2007,3,568,61322,61890,0.076340077,0.09057937
2007,4,4935,0.006087224,2007-04-01,2007,4,0,256753,256753,0.31669969,0.322786914
2007,5,4623,0.005702378,2007-05-01,2007,5,0,169864,169864,0.209523847,0.215226225
2007,6,10797,0.013317884,2007-06-01,2007,6,0,170187,170187,0.209922261,0.223240145
2007,7,13156,0.016227663,2007-07-01,2007,7,5133,179796,184929,0.228106223,0.244333886
2007,8,15718,0.019387839,2007-08-01,2007,8,13321,141777,155098,0.191310281,0.21069812
2007,9,15136,0.018669953,2007-09-01,2007,9,13321,106058,119379,0.147251609,0.165921562
2007,10,8454,0.01042784,2007-10-01,2007,10,13321,102783,116104,0.143211962,0.153639802
2007,11,3024,0.003730044,2007-11-01,2007,11,13321,99440,112761,0.139088438,0.142818482
2007,12,6189,0.007634008,2007-12-01,2007,12,13321,48303,61624,0.076011972,0.08364598
2008,1,6323,0.007799294,2008-01-01,2008,1,8073,61577,69650,0.085911882,0.093711176
2008,2,12358,0.015243346,2008-02-01,2008,2,11101,38955,50056,0.061743075,0.076986421
2008,3,7539,0.009299206,2008-03-01,2008,3,11101,84764,95865,0.11824756,0.127546766
2008,4,15982,0.019713477,2008-04-01,2008,4,0,90440,90440,0.111555931,0.131269408
2008,5,35790,0.044146249,2008-05-01,2008,5,0,74815,74815,0.092282806,0.136429055
2008,6,11837,0.014600703,2008-06-01,2008,6,0,116313,116313,0.143469759,0.158070462
2008,7,18173,0.022416032,2008-07-01,2008,7,154,120227,120381,0.148487556,0.170903588
2008,8,14951,0.018441759,2008-08-01,2008,8,667,106738,107405,0.132481919,0.150923678
2008,9,9893,0.012202818,2008-09-01,2008,9,427,59012,59439,0.073316818,0.085519636
2008,10,3282,0.004048281,2008-10-01,2008,10,12110,35821,47931,0.05912193,0.063170211
2008,11,6070,0.007487224,2008-11-01,2008,11,51,71922,71973,0.088777256,0.09626448
2008,12,6209,0.007658677,2008-12-01,2008,12,3107,37729,40836,0.050370389,0.058029066
2009,1,10378,0.012801055,2009-01-01,2009,1,0,24380,24380,0.030072242,0.042873297
2009,2,14338,0.017685636,2009-02-01,2009,2,0,14716,14716,0.018151892,0.035837528
2009,3,11953,0.014743786,2009-03-01,2009,3,0,24950,24950,0.030775326,0.045519112
2009,4,68,8.39e-05,2009-04-01,2009,4,4541,26243,30784,0.037971448,0.038055348
2009,5,6670,0.008227312,2009-05-01,2009,5,5928,34850,40778,0.050298847,0.058526159
2009,6,6518,0.008039823,2009-06-01,2009,6,7594,69128,76722,0.094635053,0.102674876
2009,7,10334,0.012746782,2009-07-01,2009,7,8459,109566,118025,0.145581477,0.158328259
2009,8,14480,0.01786079,2009-08-01,2009,8,8387,107481,115868,0.142920861,0.160781651
2009,9,14911,0.01839242,2009-09-01,2009,9,8113,90504,98617,0.121642097,0.140034517
2009,10,15951,0.019675239,2009-10-01,2009,10,0,157097,157097,0.193776008,0.213451247
2009,11,15109,0.018636649,2009-11-01,2009,11,3000,133073,136073,0.167843324,0.186479973
2009,12,16551,0.020415327,2009-12-01,2009,12,0,85950,85950,0.106017606,0.126432933
2010,1,1866,0.002301674,2010-01-01,2010,1,7595,21570,29165,0.035974444,0.038276118
2010,2,18288,0.022557882,2010-02-01,2010,2,0,25017,25017,0.030857969,0.053415851
2010,3,16058,0.019807222,2010-03-01,2010,3,0,19490,19490,0.024040525,0.043847747
2010,4,19986,0.024652331,2010-04-01,2010,4,0,72473,72473,0.089393996,0.114046327
2010,5,21517,0.026540789,2010-05-01,2010,5,0,87404,87404,0.107811086,0.134351875
2010,6,34688,0.042786954,2010-06-01,2010,6,0,111429,111429,0.137445443,0.180232397
2010,7,33326,0.041106954,2010-07-01,2010,7,0,186727,186727,0.23032402,0.271430974
2010,8,30156,0.037196823,2010-08-01,2010,8,8299,230869,239168,0.295008945,0.332205768
2010,9,18194,0.022441935,2010-09-01,2010,9,15648,174929,190577,0.235072918,0.257514853
2010,10,20628,0.025444225,2010-10-01,2010,10,15219,109026,124245,0.153253723,0.178697948
2010,11,18243,0.022502376,2010-11-01,2010,11,15219,142450,157669,0.194481558,0.216983934
2010,12,18176,0.022419732,2010-12-01,2010,12,23612,76704,100316,0.12373778,0.146157512
2011,1,22938,0.028293564,2011-01-01,2011,1,0,109598,109598,0.135186941,0.163480505
2011,2,11773,0.01452176,2011-02-01,2011,2,0,64280,64280,0.079288094,0.093809854
2011,3,23941,0.029530745,2011-03-01,2011,3,0,124121,124121,0.153100771,0.182631516
2011,4,32481,0.040064664,2011-04-01,2011,4,0,99305,99305,0.122490731,0.162555395
2011,5,38313,0.047258319,2011-05-01,2011,5,4147,117293,121440,0.149793811,0.19705213
2011,6,39523,0.04875083,2011-06-01,2011,6,15219,127161,142380,0.175622882,0.224373712
2011,7,40747,0.05026061,2011-07-01,2011,7,15219,206877,222096,0.273950974,0.324211584
2011,8,40924,0.050478936,2011-08-01,2011,8,13553,214210,227763,0.280941105,0.331420041
2011,9,29148,0.035953475,2011-09-01,2011,9,2262,183196,185458,0.228758734,0.264712209
2011,10,28975,0.035740083,2011-10-01,2011,10,9441,118533,127974,0.15785337,0.193593453
2011,11,25880,0.031922462,2011-11-01,2011,11,15219,119227,134446,0.165836452,0.197758914
2011,12,23109,0.028504489,2011-12-01,2011,12,15219,116104,131323,0.161984294,0.190488783
2012,1,20317,0.025060613,2012-01-01,2012,1,16674,71836,88510,0.109175315,0.134235928
2012,2,23986,0.029586251,2012-02-01,2012,2,5989,32725,38714,0.047752945,0.077339196
2012,3,10378,0.012801055,2012-03-01,2012,3,0,46056,46056,0.056809155,0.06961021
2012,4,93,0.000114714,2012-04-01,2012,4,0,94758,94758,0.116882098,0.116996812
2012,5,10879,0.013419029,2012-05-01,2012,5,0,144842,144842,0.17865971,0.192078739
2012,6,12220,0.015073126,2012-06-01,2012,6,1000,162380,163380,0.201525962,0.216599088
2012,7,15621,0.019268191,2012-07-01,2012,7,13140,157669,170809,0.210689485,0.229957676
2012,8,20516,0.025306076,2012-08-01,2012,8,16219,133832,150051,0.185084907,0.210390983
2012,9,21375,0.026365635,2012-09-01,2012,9,16219,93321,109540,0.135115399,0.161481034
2012,10,4210,0.005192951,2012-10-01,2012,10,16219,119325,135544,0.167190813,0.172383764
2012,11,8196,0.010109602,2012-11-01,2012,11,16908,113583,130491,0.160958039,0.171067641
2012,12,19293,0.02379753,2012-12-01,2012,12,15219,48180,63399,0.078201399,0.101998929
2013,1,12176,0.015018852,2013-01-01,2013,1,0,85883,85883,0.105934963,0.120953815
2013,2,1231,0.001518414,2013-02-01,2013,2,0,74150,74150,0.091462542,0.092980956
2013,3,4230,0.00521762,2013-03-01,2013,3,0,78206,78206,0.096465537,0.101683157
2013,4,1188,0.001465374,2013-04-01,2013,4,0,85799,85799,0.105831351,0.107296725
2013,5,1241,0.001530749,2013-05-01,2013,5,0,82177,82177,0.101363686,0.102894435
2013,6,4258,0.005252158,2013-06-01,2013,6,0,79258,79258,0.097763158,0.103015316
2013,7,8239,0.010162642,2013-07-01,2013,7,5970,74919,80889,0.099774964,0.109937606
2013,8,9670,0.011927752,2013-08-01,2013,8,5146,73538,78684,0.09705514,0.108982892
2013,9,11222,0.013842113,2013-09-01,2013,9,16874,57589,74463,0.091848621,0.105690734
2013,10,5504,0.006789074,2013-10-01,2013,10,15219,75769,90988,0.112231878,0.119020952
2013,11,3368,0.004154361,2013-11-01,2013,11,15382,58026,73408,0.0905473,0.094701661
2013,12,2553,0.003149074,2013-12-01,2013,12,7948,46573,54521,0.067250563,0.070399637
2014,1,5314,0.006554713,2014-01-01,2014,1,2500,35464,37964,0.046827835,0.053382548
2014,2,1477,0.00182185,2014-02-01,2014,2,0,36241,36241,0.044702549,0.046524399
2014,3,7090,0.008745373,2014-03-01,2014,3,0,19329,19329,0.023841935,0.032587308
2014,4,2041,0.002517533,2014-04-01,2014,4,0,6686,6686,0.008247047,0.01076458
2014,5,2347,0.002894978,2014-05-01,2014,5,0,10436,10436,0.012872597,0.015767575
2014,6,2484,0.003063964,2014-06-01,2014,6,0,38016,38016,0.046891976,0.04995594
2014,7,9317,0.011492333,2014-07-01,2014,7,277,46588,46865,0.05780704,0.069299373
2014,8,15017,0.018523169,2014-08-01,2014,8,397,42023,42420,0.052324222,0.070847391
2014,9,14962,0.018455328,2014-09-01,2014,9,278,38501,38779,0.047833121,0.066288449
2014,10,1239,0.001528282,2014-10-01,2014,10,0,52683,52683,0.064983427,0.066511709
2014,11,376,0.000463788,2014-11-01,2014,11,2201,40044,42245,0.052108363,0.052572151
2014,12,469,0.000578502,2014-12-01,2014,12,7217,31279,38496,0.047484046,0.048062548
2015,1,1075,0.001325991,2015-01-01,2015,1,0,43971,43971,0.054237349,0.05556334
2015,2,5495,0.006777973,2015-02-01,2015,2,0,42360,42360,0.052250213,0.059028186
2015,3,4840,0.005970043,2015-03-01,2015,3,0,60432,60432,0.074541663,0.080511706
2015,4,438,0.000540264,2015-04-01,2015,4,0,58460,58460,0.072109241,0.072649505
2015,5,304,0.000374978,2015-05-01,2015,5,4852,40124,44976,0.055476996,0.055851974
2015,6,300,0.000370044,2015-06-01,2015,6,5086,40628,45714,0.056387305,0.056757349
2015,7,2893,0.003568458,2015-07-01,2015,7,6566,34239,40805,0.050332151,0.053900609
2015,8,3951,0.004873479,2015-08-01,2015,8,7058,37202,44260,0.054593825,0.059467304
2015,9,5860,0.007228193,2015-09-01,2015,9,4534,32376,36910,0.045527747,0.05275594
2015,10,37,4.56e-05,2015-10-01,2015,10,3000,41669,44669,0.055098318,0.055143918
2015,11,0,0,2015-11-01,2015,11,3000,47037,50037,0.061719639,0.061719639
2015,12,1891,0.002332511,2015-12-01,2015,12,3500,86406,89906,0.110897253,0.113229764
2016,1,1780,0.002195594,2016-01-01,2016,1,0,29766,29766,0.036715766,0.03891136
2016,2,3224,0.00397674,2016-02-01,2016,2,0,50208,50208,0.061930564,0.065907304
2016,3,242,0.000298502,2016-03-01,2016,3,14497,53551,68048,0.083935847,0.084234349
2016,4,10855,0.013389425,2016-04-01,2016,4,5991,120475,126466,0.155993282,0.169382707
2016,5,7539,0.009299206,2016-05-01,2016,5,6657,113117,119774,0.147738834,0.15703804
2016,6,12797,0.015784844,2016-06-01,2016,6,0,119524,119524,0.147430464,0.163215308
2016,7,18521,0.022845283,2016-07-01,2016,7,0,121716,121716,0.150134252,0.172979535
2016,8,16338,0.020152596,2016-08-01,2016,8,0,121452,121452,0.149808613,0.169961209
2016,9,14762,0.018208632,2016-09-01,2016,9,16117,90247,106364,0.131197867,0.149406499
2016,10,0,0,2016-10-01,2016,10,14480,90565,105045,0.129570907,0.129570907
2016,11,0,0,2016-11-01,2016,11,7180,69849,77029,0.095013731,0.095013731
2016,12,1813,0.002236299,2016-12-01,2016,12,4500,63382,67882,0.083731089,0.085967388
2017,1,4223,0.005208986,2017-01-01,2017,1,30088,53129,83217,0.102646505,0.107855491
2017,2,17888,0.02206449,2017-02-01,2017,2,0,87103,87103,0.107439808,0.129504298
2017,3,31605,0.038984135,2017-03-01,2017,3,3081,106044,109125,0.134603505,0.17358764
2017,4,33140,0.040877527,2017-04-01,2017,4,4591,129076,133667,0.164875571,0.205753098
2017,5,37529,0.046291271,2017-05-01,2017,5,1300,139819,141119,0.174067464,0.220358735
2017,6,37827,0.046658848,2017-06-01,2017,6,0,134118,134118,0.165431871,0.212090719
2017,7,39297,0.048472064,2017-07-01,2017,7,806,153802,154608,0.190705876,0.23917794
2017,8,39964,0.049294795,2017-08-01,2017,8,0,191752,191752,0.236522257,0.285817052
2017,9,37469,0.046217262,2017-09-01,2017,9,0,155674,155674,0.192020766,0.238238028
2017,10,38345,0.047297791,2017-10-01,2017,10,8207,146798,155005,0.191195567,0.238493358
2017,11,28433,0.035071537,2017-11-01,2017,11,15219,134695,149914,0.184915921,0.219987458
2017,12,17682,0.021810393,2017-12-01,2017,12,20616,143266,163882,0.202145169,0.223955562
2018,1,3180,0.003922466,2018-01-01,2018,1,52594,46817,99411,0.12262148,0.126543946
2018,2,14826,0.018287574,2018-02-01,2018,2,16581,47830,64411,0.07944968,0.097737254
2018,3,14805,0.018261671,2018-03-01,2018,3,4099,41347,45446,0.056056732,0.074318403
2018,4,8446,0.010417972,2018-04-01,2018,4,1880,59302,61182,0.075466773,0.085884745
2018,5,20395,0.025156825,2018-05-01,2018,5,0,45073,45073,0.055596644,0.080753469
2018,6,27096,0.033422374,2018-06-01,2018,6,7000,40970,47970,0.059170036,0.09259241
2018,7,34398,0.042429245,2018-07-01,2018,7,876,84501,85377,0.105310822,0.147740067
2018,8,37784,0.046605808,2018-08-01,2018,8,0,87912,87912,0.108437694,0.155043502
2018,9,30784,0.037971448,2018-09-01,2018,9,4966,73087,78053,0.096276814,0.134248262
2018,10,7062,0.008710836,2018-10-01,2018,10,17639,57393,75032,0.092550471,0.101261307
2018,11,13995,0.017262553,2018-11-01,2018,11,17510,54112,71622,0.088344305,0.105606858
2018,12,22428,0.027664489,2018-12-01,2018,12,15943,32295,48238,0.059500608,0.087165097
2019,1,1703,0.002100616,2019-01-01,2019,1,0,44962,44962,0.055459728,0.057560344
2019,2,22318,0.027528807,2019-02-01,2019,2,0,31731,31731,0.039139554,0.066668361
2019,3,30139,0.037175854,2019-03-01,2019,3,0,81579,81579,0.100626065,0.137801919
2019,4,32307,0.039850038,2019-04-01,2019,4,0,137939,137939,0.170144998,0.209995036
2019,5,33003,0.04070854,2019-05-01,2019,5,0,125275,125275,0.154524207,0.195232747
2019,6,33925,0.041845809,2019-06-01,2019,6,0,96401,96401,0.118908705,0.160754514
2019,7,36048,0.044464487,2019-07-01,2019,7,0,160732,160732,0.198259707,0.242724194
2019,8,39827,0.049125808,2019-08-01,2019,8,0,165713,165713,0.204403671,0.253529479
2019,9,28546,0.03521092,2019-09-01,2019,9,1114,150809,151923,0.187393982,0.222604902
2019,10,30213,0.037267131,2019-10-01,2019,10,14025,126074,140099,0.172809315,0.210076446
2019,11,18572,0.022908191,2019-11-01,2019,11,15219,108049,123268,0.152048613,0.174956804
2019,12,18977,0.02340775,2019-12-01,2019,12,4230,116327,120557,0.148704648,0.172112398
2020,1,6549,0.008078061,2020-01-01,2020,1,26522,28864,55386,0.068317523,0.076395584
2020,2,20623,0.025438058,2020-02-01,2020,2,27970,13333,41303,0.050946424,0.076384482
2020,3,18128,0.022360525,2020-03-01,2020,3,8253,16739,24992,0.030827132,0.053187657
2020,4,13561,0.016727222,2020-04-01,2020,4,8757,23265,32022,0.039498497,0.056225719
2020,5,24530,0.030257264,2020-05-01,2020,5,7173,33076,40249,0.049646337,0.079903601
2020,6,20046,0.02472634,2020-06-01,2020,6,0,46058,46058,0.056811622,0.081537962
2020,7,21201,0.026151009,2020-07-01,2020,7,163,48909,49072,0.060529331,0.08668034
2020,8,22767,0.028082639,2020-08-01,2020,8,146,54254,54400,0.067101312,0.095183951
2020,9,21787,0.026873829,2020-09-01,2020,9,13531,30754,44285,0.054624662,0.081498491
2020,10,5420,0.006685462,2020-10-01,2020,10,10417,47855,58272,0.071877347,0.078562809
2020,11,11037,0.013613919,2020-11-01,2020,11,6963,48535,55498,0.068455673,0.082069592
2020,12,7490,0.009238765,2020-12-01,2020,12,6923,39863,46786,0.057709595,0.06694836
